,epoch,recall@20,ndcg@20,recall@40,ndcg@40
0,0,0.059422289915932985,0.049802116206937204,0.09806995719194384,0.06402346901224988
1,3,0.07152928739628792,0.06080026319242502,0.11617863597464168,0.07719159942302746
2,6,0.07962242485400924,0.0682184544571241,0.12907721196812472,0.08621931283275847
3,9,0.08510219537399184,0.07348546706208348,0.13728816569576427,0.09245404521997361
4,Final,0.08510219537399184,0.07348546706208348,0.13728816569576427,0.09245404521997361
