,epoch,recall@20,ndcg@20,recall@40,ndcg@40
0,0,0.059751605782861095,0.050067755814782886,0.0982268521869027,0.0642138166194857
1,3,0.06999482047325602,0.05941378821556216,0.11460256868363751,0.0757122672917946
2,6,0.07948988230381916,0.06761111834734704,0.12878564761046693,0.08565895263443357
3,9,0.08505582778742883,0.07267041466600398,0.1377346966709239,0.09192287191179796
4,Final,0.08505582778742883,0.07267041466600398,0.1377346966709239,0.09192287191179796
