,epoch,recall@20,ndcg@20,recall@40,ndcg@40
0,0,0.059945433368869594,0.05044289456566986,0.09880539726004578,0.06468735584832419
1,Final,0.06456202398262278,0.054773076516177896,0.10580162301953454,0.06988946920217845
