,epoch,recall@20,ndcg@20,recall@40,ndcg@40
0,0,0.0070960901929990996,0.0035369416684735166,0.013903259990706681,0.005360698509347306
1,Final,0.005699652998011233,0.002719018391432622,0.011000485589080412,0.004142330461693925
